model_key,feature,ss_total,condition_share,run_block_share,condition_by_run_share,within_run_replicate_share,condition_to_seed_variance_ratio,n_conditions,n_runs,n_replicates_per_run
chatgpt_image_2,rgb_mean_r,0.69693649896158,0.5537290980685465,0.007228248744778954,0.2488445457130845,0.1901981074735899,1.2407914019758308,24,3,2
chatgpt_image_2,rgb_mean_g,0.8172909533294458,0.659171875367661,0.007720435909713058,0.1890256993865165,0.14408198933610944,1.934030168662661,24,3,2
chatgpt_image_2,rgb_mean_b,1.091238671061232,0.7223099743830822,0.00502944778018658,0.14203494322053975,0.13062563461619137,2.6011376273900884,24,3,2
chatgpt_image_2,rgb_sd_r,0.14683681170748006,0.23293875285165383,0.02344780292706825,0.37240509168288793,0.37120835253839,0.30367686246389725,24,3,2
chatgpt_image_2,rgb_sd_g,0.2136062581838437,0.46627204363484914,0.02177689260208389,0.2620179720333699,0.24993309172969708,0.87361367916776,24,3,2
chatgpt_image_2,rgb_sd_b,0.40122064844424976,0.6753424180778619,0.010270012898900893,0.1700828183846779,0.1443047506385592,2.080168324052349,24,3,2
chatgpt_image_2,warmth_rgb_mean_r_minus_b,0.5479785264047611,0.8362339678778723,0.0004155922028947461,0.057128710313690344,0.10622172960554266,5.106272387757766,24,3,2
chatgpt_image_2,warmth_rgb_mean_rg_minus_b,0.2621454929668368,0.799577039755168,0.0004259649570464747,0.06454930123121295,0.13544769405657234,3.9894483086090755,24,3,2
chatgpt_image_2,lab_mean_l,8357.36487796066,0.6234269260984885,0.007015308990605892,0.20936122810432137,0.16019653680658422,1.6555270923633243,24,3,2
chatgpt_image_2,lab_mean_a,2103.1615192074164,0.8662879836624663,0.0010550163898728462,0.04772119017481263,0.08493580977284827,6.47875940690077,24,3,2
chatgpt_image_2,lab_mean_b,3827.5620451985897,0.7729255303723782,0.0004428529602461097,0.06686933496035406,0.15976228170702167,3.403841619182881,24,3,2
chatgpt_image_2,lab_sd_l,1726.6027127774337,0.41009229560580934,0.023148246646987187,0.2990783326110849,0.26768112513611886,0.6951804367887616,24,3,2
chatgpt_image_2,lab_sd_a,1229.142021602133,0.7999005985169647,9.166930161425014e-05,0.07779418734708721,0.12221354483433391,3.99751619739243,24,3,2
chatgpt_image_2,lab_sd_b,1581.1546697187719,0.7653033602352904,0.0028414776541912717,0.1006385777213248,0.13121658438919354,3.260819417791963,24,3,2
chatgpt_image_2,lab_chroma_mean,2324.8042962938234,0.8272120239250725,0.0027361241858746142,0.06389659556816774,0.10615525632088499,4.787439743876406,24,3,2
chatgpt_image_2,saturation_mean,1.7668520197085793,0.7526967413719203,0.0024479945400226744,0.10669333481946175,0.13816192926859522,3.0436183718222,24,3,2
chatgpt_image_2,saturation_sd,0.29140734364080884,0.38842808888645214,0.004132629569724148,0.2134240639495941,0.3940152175942297,0.635130688358796,24,3,2
chatgpt_image_2,value_mean,0.7094374127419355,0.5143939258613491,0.0058022785789299935,0.26652991130899056,0.21327388425073038,1.059282313907957,24,3,2
chatgpt_image_2,value_sd,0.13729656289311754,0.25821630010321706,0.02030341270167432,0.3807634991178967,0.340716788077212,0.34810187948204724,24,3,2
chatgpt_image_2,luma_mean,0.7608504272261867,0.6328315477180293,0.00782005529561929,0.2046523027325805,0.15469609425377098,1.7235455382534877,24,3,2
chatgpt_image_2,luma_sd,0.19325945901699426,0.4373880709109941,0.022961749531727818,0.279602453782381,0.2600477257748969,0.7774240969600893,24,3,2
chatgpt_image_2,luma_p01,0.04787929204810777,0.2301747602803391,0.018810397936789017,0.20829726941696766,0.5427175723659041,0.2989961206833897,24,3,2
chatgpt_image_2,luma_p05,0.05446730515299333,0.2968919843400393,0.018994878320124354,0.22232893373412657,0.4617842036057098,0.42225657754927814,24,3,2
chatgpt_image_2,luma_p50,1.402212493083288,0.5980297171448774,0.0049316716746124565,0.21069041536026567,0.18634819582024448,1.4877460913209302,24,3,2
chatgpt_image_2,luma_p95,1.987699576706318,0.41229018607528944,0.024752306413385133,0.22810415699141237,0.334853350519913,0.7015199955944696,24,3,2
chatgpt_image_2,luma_p99,1.395110005474478,0.24957028540006723,0.009301592888032735,0.27947681623832443,0.4616513054735756,0.33256983371602966,24,3,2
chatgpt_image_2,dynamic_range_p95_p05,1.9752805230851358,0.3819890853098994,0.024155311573987502,0.24841983628185352,0.3454357668342595,0.6180943996781134,24,3,2
chatgpt_image_2,luma_iqr_p75_p25,1.4746802140001278,0.501612278775306,0.013101561406429955,0.27502304056406174,0.21026311925420224,1.0064699779173698,24,3,2
chatgpt_image_2,rms_contrast,0.1932594753106412,0.43738806863641216,0.02296174556634226,0.27960246747639256,0.26004771832085294,0.7774240897741472,24,3,2
chatgpt_image_2,michelson_contrast_p95_p05,0.3732506128690867,0.2346538382485296,0.013222785263068068,0.2659077517564229,0.4862156247319805,0.30659830802774446,24,3,2
chatgpt_image_2,shadow_fraction,1.3792110217360055e-06,0.2784768195665201,0.0034951590793463713,0.3150483304412393,0.40297969091289965,0.38595685782293715,24,3,2
chatgpt_image_2,deep_shadow_fraction,1.8714592377451078,0.5249118451077135,0.0016592638054055042,0.1578467380547954,0.31558215303208564,1.1048725161895967,24,3,2
chatgpt_image_2,highlight_fraction,1.7280519968052334e-07,0.22922555621049945,0.006623711069813111,0.30788286529140085,0.45626786742826453,0.29739641481043677,24,3,2
chatgpt_image_2,clipped_shadow_fraction,0.023291124384741124,0.19178172787862338,8.88806200803382e-05,0.3893702169465866,0.4187591745547096,0.2372895225138167,24,3,2
chatgpt_image_2,clipped_highlight_fraction,0.002380224983419844,0.14591413517279161,0.015645894112834093,0.3579538365609271,0.4804861341534473,0.17084246582433693,24,3,2
chatgpt_image_2,rgb_cov_r_g,0.032664649822522936,0.35328619490023505,0.026086214933397536,0.3108701595251955,0.30975743064117206,0.546279037364504,24,3,2
chatgpt_image_2,rgb_corr_r_g,0.2821845927224368,0.6475030348021523,0.006661620991591366,0.10231001829843951,0.24352532590781656,1.8369038565728522,24,3,2
chatgpt_image_2,rgb_cov_r_b,0.04217506749681674,0.5779923960723707,0.01739196930045013,0.2153595110038011,0.1892561236233779,1.3696255486701887,24,3,2
chatgpt_image_2,rgb_corr_r_b,1.1722152639723258,0.6935526153784031,0.01827840580760444,0.10672008255700167,0.18144889625699034,2.263202918944167,24,3,2
chatgpt_image_2,rgb_cov_g_b,0.050274802485500515,0.613981645144475,0.013620571032379689,0.20468651272841293,0.16771127109473255,1.5905503907301748,24,3,2
chatgpt_image_2,rgb_corr_g_b,0.11372056406597737,0.5950599230802958,0.0214168460884773,0.1818954949678204,0.20162773586340707,1.469501185476116,24,3,2
chatgpt_image_2,lab_cov_l_a,317762.37732087524,0.6910342640493371,0.002943720851959253,0.10995377348015366,0.19606824161854997,2.2366048517421517,24,3,2
chatgpt_image_2,lab_corr_l_a,10.609012129598664,0.6249645860641506,0.004431511023824473,0.13864187167314282,0.23196203123888187,1.6664148580140556,24,3,2
chatgpt_image_2,lab_cov_l_b,1345664.5480532544,0.7630839656457081,0.003282076074119719,0.07729822036604118,0.15633573791413094,3.220904687711292,24,3,2
chatgpt_image_2,lab_corr_l_b,19.782453171581036,0.7645469299469896,0.006484272641087358,0.0871978341322501,0.1417709632796729,3.247130860408225,24,3,2
chatgpt_image_2,lab_cov_a_b,215262.50211607863,0.7332562191035751,0.0025017410806936415,0.13246967161322756,0.1317723682025037,2.7489158946438352,24,3,2
chatgpt_image_2,lab_corr_a_b,7.202838888866739,0.4574702554724451,0.013410986580755622,0.17834205602963318,0.3507767019171662,0.8432169113065289,24,3,2
chatgpt_image_2,hue_hist_12bin_00,3.22814838592237,0.7481765530995514,0.008318130986577866,0.1059742841284155,0.13753103178545537,2.971036106083171,24,3,2
chatgpt_image_2,hue_hist_12bin_01,1.5298730999450765,0.526599821796793,0.017386341866533834,0.17261821489133694,0.2833956214453364,1.112377743066142,24,3,2
chatgpt_image_2,hue_hist_12bin_02,0.18116986479525898,0.3708199697455564,0.01848827823314705,0.1774546012874848,0.43323715073381175,0.589370215064828,24,3,2
chatgpt_image_2,hue_hist_12bin_03,0.05995870888202464,0.3982338610482651,0.0023838614326344948,0.18023772054301526,0.4191445569760851,0.6617751237083244,24,3,2
chatgpt_image_2,hue_hist_12bin_04,0.14365368437892634,0.40887618422001987,0.0010286953091867392,0.20729904249452813,0.38279607797626536,0.691692963986763,24,3,2
chatgpt_image_2,hue_hist_12bin_05,0.2391940048962624,0.31885867924942385,0.014468076902457185,0.2830720907433755,0.3836011531047436,0.4681241168837929,24,3,2
chatgpt_image_2,hue_hist_12bin_06,3.1094579640043714,0.565251947200119,0.004965618649874568,0.1311520800379889,0.29863035411201766,1.3001828152185193,24,3,2
chatgpt_image_2,hue_hist_12bin_07,1.2407586367231844,0.27377067376058295,0.017888557205301702,0.2521151543641663,0.45622561466994876,0.3769755143023909,24,3,2
chatgpt_image_2,hue_hist_12bin_08,0.25566088234758255,0.2883012965386179,0.014009136573538005,0.23933722030169238,0.45835234658615165,0.40508897253353165,24,3,2
chatgpt_image_2,hue_hist_12bin_09,0.0792495138547464,0.17762597413951314,0.011538794176522895,0.34316862008225496,0.4676666116017091,0.21599171247371912,24,3,2
chatgpt_image_2,hue_hist_12bin_10,0.022446888555344283,0.23540310336466508,0.02336154254380551,0.32261961945983897,0.41861573463169033,0.3078787062837606,24,3,2
chatgpt_image_2,hue_hist_12bin_11,0.44185569469163327,0.4910988852121846,0.026176004802263515,0.18544697065097626,0.2972781393345757,0.965018293223717,24,3,2
chatgpt_image_2,hue_entropy_12bin,16.557241428520136,0.3995364910179292,0.005383297537799701,0.22111206473984032,0.3739681467044307,0.6653801355809933,24,3,2
chatgpt_image_2,edge_density_canny,0.053816928795129115,0.5385020562665287,0.002954770688488674,0.1996654588429901,0.25887771420199257,1.166856891950811,24,3,2
chatgpt_image_2,gradient_mag_mean,0.08125071356118807,0.3240490517103228,0.0038095881059262474,0.2747404108900714,0.39740094929367953,0.4793972884130822,24,3,2
chatgpt_image_2,gradient_mag_sd,0.24150566297824894,0.31129637750863604,0.002916102476177898,0.27139586610224,0.4143916539129461,0.45200339789491895,24,3,2
chatgpt_image_2,gradient_mag_p95,1.6427122985451952,0.3125152443264192,0.0034915190075165176,0.29119999702935034,0.39279323963671414,0.4545777077198233,24,3,2
chatgpt_image_2,orientation_entropy,2.0669474906856036,0.7876524058757742,0.0030376630138286434,0.06483328102368532,0.14447665008671223,3.709259853516339,24,3,2
chatgpt_image_2,texture_highpass_std,0.004381352503181347,0.28748395832590173,0.0020047410632908994,0.2742828324525582,0.4362284681582491,0.4034771731601176,24,3,2
chatgpt_image_2,texture_highpass_mad,0.0003698776857224263,0.33329721442651145,0.02247344608848464,0.23192424743318055,0.4123050920518234,0.49991873686235433,24,3,2
chatgpt_image_2,laplacian_variance,0.0003073046191095888,0.43971136245122466,0.005286321495869689,0.2130275770471291,0.34197473900577646,0.7847943595196433,24,3,2
chatgpt_image_2,local_contrast_mean,0.009679611678416467,0.381348133393979,0.0005869915167734194,0.26525179926956977,0.3528130758196777,0.6164179791230384,24,3,2
chatgpt_image_2,local_contrast_p95,0.11789500193322017,0.38546121952834783,0.002224707627849398,0.2648053795640248,0.34750869327977796,0.6272366069925001,24,3,2
chatgpt_image_2,image_entropy_gray,14.219129985426811,0.5572958566021219,0.0031437714746719663,0.2424419311176848,0.19711844080552202,1.2588449078536277,24,3,2
chatgpt_image_2,top_luma_mean,2.075946518058351,0.6312525338933874,0.0069911299071181935,0.212656732477906,0.1490996037215883,1.7118830416881545,24,3,2
chatgpt_image_2,bottom_luma_mean,0.850554498334783,0.5786835913219832,0.0015353396650136227,0.20786356974278616,0.21191749927021708,1.373513063822376,24,3,2
chatgpt_image_2,top_bottom_luma_delta,2.010437323614255,0.522306212572565,0.003995793052523648,0.2382122383540241,0.23548575602088742,1.0933912609276017,24,3,2
chatgpt_image_2,left_warmth_mean,0.8291967567464285,0.6674663748671559,0.0038762528958262814,0.07546876297147109,0.25318860926554654,2.007214682727227,24,3,2
chatgpt_image_2,right_warmth_mean,0.8118754281772812,0.6491925170141065,0.007886234327279588,0.13174282796269882,0.21117842069591497,1.8505663319622283,24,3,2
chatgpt_image_2,left_right_warmth_delta,0.7902943435456041,0.1476658986915533,0.019948112902524857,0.22933843398031045,0.6030475544256113,0.17324884510060837,24,3,2
chatgpt_image_2,center_luma_mean,1.3928607302376281,0.6983377106443979,0.0012146578935883843,0.15856031851550917,0.14188731294650456,2.314965228620908,24,3,2
chatgpt_image_2,edge_luma_mean,0.8862328657492522,0.655516969786665,0.00757654894938156,0.19365600788166853,0.14325047338228492,1.9029006142355098,24,3,2
chatgpt_image_2,center_edge_luma_delta,1.8414875418289778,0.7870091517632559,0.0011439597108120773,0.117719262779974,0.09412762574595789,3.6950374078442945,24,3,2
chatgpt_image_2,color_spatial_var_rgb_r,0.015913801461915483,0.27434290179123577,0.018505545054139018,0.3253380084574664,0.38181354469715884,0.37806134945614506,24,3,2
chatgpt_image_2,color_spatial_range_rgb_r,2.1405678043659178,0.2909134663274569,0.007871256714417926,0.343706373029825,0.3575089039283002,0.41026511224341067,24,3,2
chatgpt_image_2,color_spatial_var_rgb_g,0.019829300997482386,0.5446681631524449,0.016066980238646878,0.21373507593756055,0.22552978067134752,1.196200482978307,24,3,2
chatgpt_image_2,color_spatial_range_rgb_g,2.8232437353569613,0.49002923592421405,0.014046544146157325,0.23120043290706963,0.264723787022559,0.9608967227999596,24,3,2
chatgpt_image_2,color_spatial_var_rgb_b,0.024897283921844204,0.6679230646052885,0.005900149537282648,0.16687696118170206,0.15929982467572676,2.0113503631662506,24,3,2
chatgpt_image_2,color_spatial_range_rgb_b,4.0084863577440455,0.6177159595390448,0.007475281654385739,0.18875163338345238,0.18605712542311692,1.6158559975305475,24,3,2
chatgpt_image_2,color_spatial_var_lab_l,1919489.6597447346,0.48792252318357393,0.01586674077627708,0.2455416338503925,0.2506691021897565,0.9528294941167439,24,3,2
chatgpt_image_2,color_spatial_range_lab_l,24760.5662327896,0.45092397914874394,0.01145222882920636,0.2584845431758449,0.2791392488462049,0.8212414347464256,24,3,2
chatgpt_image_2,color_spatial_var_lab_a,60663.431386866214,0.5863804358671335,0.000698592210842407,0.13121554639463287,0.2817054255273914,1.4176806097082268,24,3,2
chatgpt_image_2,color_spatial_range_lab_a,8119.854293755863,0.666847449145082,0.0007562166822802156,0.11722883939975254,0.21516749477288546,2.001627925206797,24,3,2
chatgpt_image_2,color_spatial_var_lab_b,124146.97055043043,0.5280447388487708,0.01411165171021897,0.17937041008254395,0.2784731993584664,1.118844903986712,24,3,2
chatgpt_image_2,color_spatial_range_lab_b,9823.422709254879,0.5896346197579708,0.015377216274033878,0.1527731566779528,0.2422150072900426,1.4368527369687238,24,3,2
chatgpt_image_2,halation_bright_threshold_luma,1.5851637613215963,0.29225992833295217,0.012715361610128104,0.28111258229750946,0.4139121277594101,0.41294811475708587,24,3,2
chatgpt_image_2,halation_bright_fraction,1.137263637929209e-05,0.2002551312972263,0.00544403724435107,0.29744913437220716,0.49685169708621557,0.2503987698252446,24,3,2
chatgpt_image_2,halation_ring_fraction,0.031205870553846025,0.1838457961848807,0.002789949368603175,0.22429982936397863,0.5890644250825375,0.22525865250156413,24,3,2
chatgpt_image_2,red_highlight_excess_mean,0.6444071945986942,0.525578008169983,0.0016950148224749956,0.16689871683927707,0.3058282601682649,1.1078280881175822,24,3,2
chatgpt_image_2,warm_highlight_excess_mean,2.137385081510259,0.6286297029395919,0.0009334587981490178,0.11391514659961749,0.25652169166264144,1.6927301615544594,24,3,2
chatgpt_image_2,halation_ring_red_excess_mean,1.1666626863172462,0.7686775666337388,0.002838309406657158,0.09454216665268023,0.13394195730692401,3.3229702603753224,24,3,2
chatgpt_image_2,halation_ring_red_excess_p95,4.4584757531429515,0.803172370780849,0.0007574771802418842,0.07854378472837543,0.11752636731053386,4.080587537263803,24,3,2
chatgpt_image_2,halation_background_red_excess_mean,0.2990434130364847,0.8382186954963406,0.00010167089846739649,0.0630903504463223,0.09858928315886964,5.18118393264273,24,3,2
chatgpt_image_2,halation_index_ring_minus_background,0.6424970328963893,0.6460554779892584,0.0042432495141745555,0.1361120026387142,0.21358926985785276,1.8253015312090406,24,3,2
chatgpt_image_2,local_lab_cov_l_a_mean,58581.85819426787,0.6219742289770648,0.009888523213006008,0.15610452716681075,0.21203272064311854,1.645322294546233,24,3,2
chatgpt_image_2,local_lab_cov_l_a_sd,39423.57308964239,0.5529273821762117,0.0003738874708192944,0.2512456414268689,0.1954530889260999,1.2367730881566668,24,3,2
chatgpt_image_2,local_lab_cov_l_a_abs_mean,26754.147282069192,0.603020455632196,0.005136071336678581,0.21937759937465848,0.17246587365646715,1.5190214815539549,24,3,2
chatgpt_image_2,local_lab_cov_l_a_p90_abs,168367.75551305639,0.6158811284001866,0.00842918085683801,0.23291533330950204,0.14277435743347333,1.6033607665124827,24,3,2
chatgpt_image_2,local_lab_corr_l_a_mean,11.530438046468362,0.6822844622559049,0.002686726393711745,0.1278398714192626,0.18718893993112068,2.1474696110249827,24,3,2
chatgpt_image_2,local_lab_corr_l_a_sd,0.7254320056778566,0.27948171652459347,0.00453359481602154,0.3103356337316453,0.4056490549277396,0.3878898328249474,24,3,2
chatgpt_image_2,local_lab_corr_l_a_abs_mean,1.078499519454827,0.4249649881675362,0.01872081964207918,0.23536523576929846,0.3209489564210863,0.7390245453286407,24,3,2
chatgpt_image_2,local_lab_corr_l_a_p90_abs,0.9209664380751341,0.39456586767790464,0.005921340839073982,0.29796528402908407,0.3015475074539373,0.6517073395987406,24,3,2
chatgpt_image_2,local_lab_cov_l_b_mean,281108.6443980389,0.730686985846322,0.004852251614831989,0.09045562047338687,0.17400514206545906,2.713151416549705,24,3,2
chatgpt_image_2,local_lab_cov_l_b_sd,128063.79859562052,0.6465898052940489,0.00043535489718597286,0.1298621859723648,0.22311265383640033,1.8295731560093587,24,3,2
chatgpt_image_2,local_lab_cov_l_b_abs_mean,185496.76828471522,0.7112358483983734,0.00043536310658818915,0.1053321803580774,0.182996608136961,2.463033740350085,24,3,2
chatgpt_image_2,local_lab_cov_l_b_p90_abs,845648.4182331691,0.7069467855058048,0.002306854259311494,0.10983341874827685,0.18091294148660683,2.412349534285037,24,3,2
chatgpt_image_2,local_lab_corr_l_b_mean,14.47174190790825,0.7372344286506993,0.007194057859304741,0.08495256204406268,0.17061895144593311,2.80567360809486,24,3,2
chatgpt_image_2,local_lab_corr_l_b_sd,1.5956915739649016,0.36095568009367374,0.001814210654070036,0.20957144053216356,0.42765866872009256,0.564836692620293,24,3,2
chatgpt_image_2,local_lab_corr_l_b_abs_mean,3.358247650104814,0.7405393916677676,0.0010321530443412187,0.10950029672011935,0.14892815856777225,2.8541496006959384,24,3,2
chatgpt_image_2,local_lab_corr_l_b_p90_abs,1.2546806215859494,0.7113045424104526,0.002048350763923171,0.1308280302338906,0.155819076591734,2.4638577563688187,24,3,2
chatgpt_image_2,local_lab_cov_a_b_mean,56089.01535405111,0.7829799539517893,0.0007802928836108669,0.11954432367684828,0.0966954294877517,3.6078692646570123,24,3,2
chatgpt_image_2,local_lab_cov_a_b_sd,55809.64960275478,0.7005050294818143,0.0005512042297487068,0.1133020066200882,0.18564175966834887,2.3389542344227063,24,3,2
chatgpt_image_2,local_lab_cov_a_b_abs_mean,52690.962324509426,0.8222653714420135,0.0007822593043622171,0.08620128578277791,0.09075108347084633,4.626365599733126,24,3,2
chatgpt_image_2,local_lab_cov_a_b_p90_abs,312379.69491687615,0.7751432702552072,0.0006472870889007191,0.0976947337175669,0.12651470893832525,3.4472762773654884,24,3,2
chatgpt_image_2,local_lab_corr_a_b_mean,8.358502768074047,0.6607704718335246,0.013629027378143206,0.11385940324286033,0.21174109754547182,1.9478565896222764,24,3,2
chatgpt_image_2,local_lab_corr_a_b_sd,1.4213693755330346,0.4165105206205049,0.009765968936252546,0.23590156997585174,0.33782194046739067,0.7138269589083905,24,3,2
chatgpt_image_2,local_lab_corr_a_b_abs_mean,2.240247858246489,0.7561280386806118,0.015612775586246928,0.08700364650424126,0.14125553922890008,3.1005123942491464,24,3,2
chatgpt_image_2,local_lab_corr_a_b_p90_abs,0.7778851146090972,0.7220410242976247,0.0063357368479228385,0.1242059931710692,0.14741724568338274,2.5976532057405186,24,3,2
chatgpt_image_2,hue_circular_mean_turns,14.875243521791493,0.31234296581284976,0.0008127034491442904,0.24635729926677064,0.4404870314712353,0.45421329279654193,24,3,2
chatgpt_image_2,hue_resultant_length,8.201227117294351,0.23453278817622192,0.0007764896450078182,0.2708730475750669,0.4938176746037035,0.30639168412900586,24,3,2
chatgpt_image_2,hue_circular_variance,8.201227117294353,0.23453278817622192,0.0007764896450078101,0.27087304757506686,0.4938176746037034,0.30639168412900597,24,3,2
chatgpt_image_2,hue_warm_share,9.62745583690067,0.756238920499429,0.0012223732644959125,0.0956820766964247,0.14685662953965056,3.1023776316089746,24,3,2
chatgpt_image_2,hue_red_orange_share,8.280609731665383,0.8010118092312317,0.002348831571968475,0.08295662314347972,0.1136827360533202,4.0254238512175675,24,3,2
chatgpt_image_2,hue_yellow_share,1.2133145417056246,0.42852832292073956,0.015856464839107208,0.17379757951101887,0.38181763272913427,0.7498679989022531,24,3,2
chatgpt_image_2,hue_green_share,0.6001981385986508,0.40008027085086695,0.0018792828437484846,0.200833943110693,0.39720650319469153,0.6668896710869991,24,3,2
chatgpt_image_2,hue_teal_cyan_share,3.9699512459607993,0.46786846361530665,0.005582402517305282,0.19497057692615,0.331578556941238,0.8792346095365997,24,3,2
chatgpt_image_2,hue_blue_share,5.483412281110766,0.34271124903535044,0.0013045394297734436,0.18431146573202886,0.4716727458028472,0.521401360562433,24,3,2
chatgpt_image_2,hue_magenta_share,0.09603299767336683,0.3242407040233422,0.015568761503511473,0.22746375490142204,0.43272677957172406,0.47981686075768365,24,3,2
chatgpt_image_2,hue_red_orange_highlight_share,18.515917929794654,0.509085986887884,0.003046111658440082,0.18093103718532702,0.3069368642683489,1.0370166124624718,24,3,2
chatgpt_image_2,hue_teal_cyan_shadow_share,0.5470402005621129,0.42046089003692755,0.013782791816883171,0.31978804689620965,0.24596827124997966,0.7255090861145139,24,3,2
chatgpt_image_2,shadow_lab_l,864.401596568938,0.5014545719445713,0.017155506746589937,0.16521644953094233,0.3161734717778965,1.005835263399144,24,3,2
chatgpt_image_2,shadow_lab_a,553.1386949009667,0.3945129093660424,0.0079377996858989,0.19320076558552526,0.4043485253625334,0.6515628746980867,24,3,2
chatgpt_image_2,shadow_lab_b,1449.8022769670436,0.24433938610392708,0.0059437321590429595,0.2504892145238388,0.4992276672131911,0.3233454034929118,24,3,2
chatgpt_image_2,shadow_warmth_rgb_r_minus_b,0.1412297988032259,0.23932435596690488,0.006297511070298086,0.24707975127685658,0.5072983816859402,0.31462076884440454,24,3,2
chatgpt_image_2,shadow_saturation,3.8564327058887162,0.317850803516935,0.001641745456957425,0.30196133375658973,0.37854611726951765,0.4659549628668749,24,3,2
chatgpt_image_2,shadow_red_excess,0.12846641310605694,0.24609018738325805,0.006829369232832857,0.2524069593714047,0.4946734840125046,0.3264186024175819,24,3,2
chatgpt_image_2,midtone_lab_l,16645.42146188468,0.5922193669131953,0.0041560745097155355,0.21493436343579306,0.18869019514129615,1.4522989050025061,24,3,2
chatgpt_image_2,midtone_lab_a,5622.090956836044,0.8144579467038645,0.0006187376898074754,0.06940137100954301,0.11552194459678489,4.389613741117464,24,3,2
chatgpt_image_2,midtone_lab_b,5139.239718809044,0.6898847685367092,0.0048445613361836936,0.10206498114138146,0.20320568898572566,2.224607818459806,24,3,2
chatgpt_image_2,midtone_warmth_rgb_r_minus_b,0.8259375623063927,0.784969537774093,0.0023729549511562267,0.08877699119426864,0.1238805160804821,3.6505038851166063,24,3,2
chatgpt_image_2,midtone_saturation,2.3276020039025815,0.6621402004284975,0.003742390644217042,0.09841340522353656,0.23570400370374883,1.9598075925821017,24,3,2
chatgpt_image_2,midtone_red_excess,0.6251898004506506,0.8294625057134343,0.000948767451263329,0.06876731463117498,0.10082141220412726,4.863813140819537,24,3,2
chatgpt_image_2,midtone_fraction,8.58605233133858e-07,0.13647379943281338,0.007388937368878106,0.3114696710386487,0.5446675921596281,0.15804245353896482,24,3,2
chatgpt_image_2,highlight_lab_l,15647.231723360957,0.5413494889775555,0.01607444946207536,0.25542257258149254,0.187153488978877,1.1803093553101123,24,3,2
chatgpt_image_2,highlight_lab_a,4215.217485056045,0.765994393380019,0.004788285309020143,0.07949907471928527,0.14971824659167549,3.273401883160749,24,3,2
chatgpt_image_2,highlight_lab_b,17199.53454851382,0.8326807509668328,0.0012382719511723804,0.061446982887222605,0.10463399419477246,4.9765986626067855,24,3,2
chatgpt_image_2,highlight_warmth_rgb_r_minus_b,2.318114066741789,0.8359575669406932,0.0010443932388249173,0.05885906518247897,0.10413897463800291,5.09598371196108,24,3,2
chatgpt_image_2,highlight_saturation,3.2747206826861612,0.8326415136373138,0.007398384515209248,0.07424049067691316,0.0857196111705639,4.975197444322469,24,3,2
chatgpt_image_2,highlight_red_excess,0.9095453064890137,0.8078213799930632,0.0028783366479825253,0.07040488665722729,0.11889539670172687,4.203492459067013,24,3,2
chatgpt_image_2,highlight_minus_shadow_lab_a,4826.47976873371,0.7144105300593536,0.007479278588652007,0.09629022861733426,0.18181996273466017,2.50152966146766,24,3,2
chatgpt_image_2,highlight_minus_shadow_lab_b,19352.388308310197,0.8097067797955063,0.0025908131517484627,0.07749483433600582,0.11020757271673932,4.255047967160239,24,3,2
chatgpt_image_2,highlight_minus_shadow_warmth,2.5548458911319907,0.8180964167551886,0.002291296733248216,0.06573883217282002,0.11387345433874319,4.497417819714796,24,3,2
chatgpt_image_2,highlight_minus_shadow_saturation,5.311079593819461,0.4255972235807856,0.0025950511456920254,0.21671186726309102,0.3550958580104314,0.7409386602097017,24,3,2
chatgpt_image_2,split_tone_distance_lab_ab,15279.412659264177,0.7805989340613714,0.0026961530797851006,0.09001556942383224,0.12668934343501137,3.557862997255091,24,3,2
chatgpt_image_2,midtone_shadow_lab_b_delta,4678.765849085896,0.6703174377509695,0.006134013231185568,0.09436558432001797,0.22918296469782695,2.033220784193723,24,3,2
chatgpt_image_2,highlight_midtone_lab_b_delta,12518.42213030871,0.7056772984288195,0.0065565106161504265,0.13052392892654888,0.15724226202848143,2.397631221314929,24,3,2
chatgpt_image_2,luma_skewness,43.4092406757307,0.5216347441590273,0.0043631547109851745,0.27577981497610465,0.1982222861538832,1.0904528240496603,24,3,2
chatgpt_image_2,luma_kurtosis_excess,385.5001153464347,0.45939278928691424,0.012348043389012712,0.30907015504156,0.21918901228251317,0.8497718494745085,24,3,2
chatgpt_image_2,shadow_compression_ratio,0.22110371810778467,0.5452322113758526,0.019057023369584727,0.19578546360299257,0.2399253016515699,1.198924429158442,24,3,2
chatgpt_image_2,highlight_compression_ratio,2.7666094234527168,0.4144315549029455,0.00024343009568078745,0.2729136842906321,0.31241133071074156,0.7077422944712397,24,3,2
chatgpt_image_2,highlight_rolloff_ratio,6.640559732295736,0.20299307110913908,0.04541963660785781,0.3128036300115887,0.4387836622714144,0.25469423633697946,24,3,2
chatgpt_image_2,shadow_rolloff_ratio,0.1932911720112373,0.3282349000183389,0.0031552153973948265,0.24113736562272362,0.4274725189615427,0.48861558903149266,24,3,2
chatgpt_image_2,upper_lower_luma_spread_ratio,626.6694210376834,0.4011507669103144,0.0009292357665792333,0.23402443487300809,0.36389556245009813,0.6698693840528588,24,3,2
chatgpt_image_2,midtone_luma_width_p75_p25,1.4746802038646645,0.5016122780728977,0.013101562922379961,0.27502304389505694,0.21026311510966544,1.0064699750895287,24,3,2
chatgpt_image_2,extreme_tail_luma_width,1.4501562487819184,0.2337733986372331,0.011825929721912654,0.2806534940106002,0.4737471776302539,0.3050969494160828,24,3,2
chatgpt_image_2,lower_tail_luma_width_p10_p01,0.018316833726245728,0.6585533292750255,0.0016104308456373559,0.09254029268543956,0.2472959471938975,1.9287150402631146,24,3,2
chatgpt_image_2,upper_tail_luma_width_p99_p90,1.4283599990215148,0.3040850993794527,0.012213119716126835,0.2980987206477258,0.38560306025669466,0.43695730484905554,24,3,2
chatgpt_image_2,fft_low_freq_power_share,0.6699576718435426,0.37196667134149486,0.0018528698415521882,0.2693431956167801,0.3568372632001731,0.5922721842422357,24,3,2
chatgpt_image_2,fft_mid_freq_power_share,0.18576649679072052,0.41336403161505025,0.008194290900441928,0.22316007166269636,0.3552816058218113,0.704634652309286,24,3,2
chatgpt_image_2,fft_high_freq_power_share,0.03890492335379037,0.5298961544323672,0.008288238644774586,0.17056510317550214,0.29125050374735617,1.1271895761510677,24,3,2
chatgpt_image_2,fft_high_mid_power_ratio,0.7223726676480406,0.4743988705842855,0.0020725099645186955,0.23350302119881425,0.2900255982523815,0.9025834307313074,24,3,2
chatgpt_image_2,fft_high_low_power_ratio,0.16620388774811956,0.5074595775520266,0.0033377098900176086,0.21210241021713885,0.27710030234081684,1.0302902146181296,24,3,2
chatgpt_image_2,fft_radial_loglog_slope,6.895405897331051,0.6073545491128183,0.0051345330554715875,0.16565993230044787,0.22185098553126248,1.5468269089594733,24,3,2
chatgpt_image_2,fft_low_freq_log_power_mean,29.526204924181542,0.5656541009288197,0.0016976564882379855,0.20690855993689938,0.22573968264604358,1.3023125166795229,24,3,2
chatgpt_image_2,fft_mid_freq_log_power_mean,19.78815494305986,0.4801076760160223,5.4800966752021024e-05,0.28558489533274517,0.23425262768448,0.9234752156695027,24,3,2
chatgpt_image_2,fft_high_freq_log_power_mean,20.861621630842507,0.43471574230918486,0.0011141260241523724,0.2594129207796634,0.30475721088700025,0.7690214903294795,24,3,2
chatgpt_image_2,palette_entropy_6,3.031213036078303,0.47414898044576503,0.0070128137925321975,0.18929927104758718,0.329538934714116,0.9016793023387152,24,3,2
chatgpt_image_2,palette_effective_clusters_6,34.25763279292792,0.4880554898433199,0.0065421874056512406,0.18631478827147774,0.31908753447954996,0.9533366998973232,24,3,2
chatgpt_image_2,palette_top1_share,0.9056785487466388,0.529311673901892,0.00011724524408422204,0.15327745278025925,0.31729362807376454,1.124548123574165,24,3,2
chatgpt_image_2,palette_top2_share_gap,1.4850737783643932,0.44524076029860915,0.002435376523345896,0.17413356098248048,0.37819030219556465,0.8025837668576153,24,3,2
chatgpt_image_2,palette_top2_lab_distance,48974.56813422361,0.4034115142383303,0.0037873461786197965,0.31006861834269517,0.2827325212403547,0.6761972848391322,24,3,2
chatgpt_image_2,palette_mean_pairwise_lab_distance,3107.934737073039,0.3222078575923754,0.009994916242106482,0.24058989723914165,0.4272073289263762,0.4753785673109789,24,3,2
chatgpt_image_2,palette_weighted_pairwise_lab_distance,551.3378517583097,0.2660991944493354,0.022264107418072755,0.40532919019564967,0.30630750793694184,0.3625819626259633,24,3,2
chatgpt_image_2,palette_within_cluster_lab_rmse,270.0943538033521,0.526588937459531,0.008155279625076497,0.19651619930833347,0.26873958360705874,1.1123291767490464,24,3,2
chatgpt_image_2,palette_dominant_lab_l,36849.513661426034,0.3574921151888929,0.03488747942520725,0.34397143385827694,0.263648971527623,0.5564011331845259,24,3,2
chatgpt_image_2,palette_dominant_lab_a,696.0117207387509,0.22853235354442492,0.005300266603378636,0.32611615269806676,0.4400512271541295,0.296230638568438,24,3,2
chatgpt_image_2,palette_dominant_lab_b,2200.4002634614353,0.16622401304224188,0.008803477724751398,0.2966306814016216,0.528341827831385,0.19936291718924662,24,3,2
chatgpt_image_2,palette_dominant_lab_chroma,1455.3406278780258,0.27220625897245,0.0013074739570466212,0.27184934224854934,0.454636924821954,0.37401566354243465,24,3,2
xai_grok_imagine,rgb_mean_r,1.0231158048581022,0.6352925011017924,0.0022539366054887453,0.15707798901672582,0.2053755732759929,1.741923330397731,24,3,2
xai_grok_imagine,rgb_mean_g,0.9845844432021013,0.7295893635719815,0.0022481231808922633,0.11545224475220442,0.15271026849492195,2.698079384781127,24,3,2
xai_grok_imagine,rgb_mean_b,1.1849750386623592,0.7880813070028949,0.0006068643091872659,0.08450587648469392,0.12680595220322377,3.7187908997421997,24,3,2
xai_grok_imagine,rgb_sd_r,0.10312644779336874,0.39207472254207837,0.000378024260258729,0.24567390001978945,0.3618733531778735,0.6449390033287706,24,3,2
xai_grok_imagine,rgb_sd_g,0.17104213382750233,0.6578593623397151,2.3577332127686303e-05,0.11436312910941325,0.227753931218744,1.9227747011827065,24,3,2
xai_grok_imagine,rgb_sd_b,0.3136336984750735,0.754683543063915,1.0838964308250853e-05,0.08117874656313996,0.16412687140863663,3.076367368458047,24,3,2
xai_grok_imagine,warmth_rgb_mean_r_minus_b,0.47289751504448896,0.7268851406558748,0.001742324087181947,0.14076636949038543,0.13060616576655765,2.6614631748761743,24,3,2
xai_grok_imagine,warmth_rgb_mean_rg_minus_b,0.2210242064839997,0.6785274897993728,0.0017728537014449698,0.17289252177489936,0.1468071347242829,2.1106858853216153,24,3,2
xai_grok_imagine,lab_mean_l,10596.302775697783,0.7119105574840457,0.001818657713541667,0.12367946881824361,0.16259131598416884,2.471144208780302,24,3,2
xai_grok_imagine,lab_mean_a,2473.512112836247,0.740700787566718,0.0060489570768172156,0.09052837590585701,0.16272187945060798,2.856548543344691,24,3,2
xai_grok_imagine,lab_mean_b,3060.8675751956243,0.6554397837314336,0.0025777523392427914,0.18584248036464301,0.15613998356468062,1.902250326022994,24,3,2
xai_grok_imagine,lab_sd_l,1327.6093576105782,0.6170309201101526,5.245301455822e-05,0.13114313988505918,0.2517734869902303,1.6111768612955057,24,3,2
xai_grok_imagine,lab_sd_a,1017.5080145088232,0.7290145529455418,0.006587905461985689,0.16731330747417567,0.09708423411829659,2.6902350693357975,24,3,2
xai_grok_imagine,lab_sd_b,1079.1843501244564,0.7042637250145188,0.005951276956794674,0.14387222258941632,0.14591277543927034,2.381391072329877,24,3,2
xai_grok_imagine,lab_chroma_mean,2012.6193215141027,0.7370024908911187,0.01487296015291193,0.12026309813502997,0.12786145082093936,2.8023173808311577,24,3,2
xai_grok_imagine,saturation_mean,1.1633116809296857,0.6792098005514253,0.007470350648237289,0.14051802181098236,0.17280182698935492,2.117302217209128,24,3,2
xai_grok_imagine,saturation_sd,0.29307779882165697,0.6164023062236531,0.002799391763117116,0.15034964221201633,0.23044865980121362,1.606897841734785,24,3,2
xai_grok_imagine,value_mean,1.0185571818978103,0.6950679042588942,0.003548282275125439,0.12578675941606762,0.17559705404991272,2.2794186442381665,24,3,2
xai_grok_imagine,value_sd,0.10303757982040743,0.5382585391681471,0.000337601734025463,0.1710703633742358,0.29033349572359163,1.165714116723338,24,3,2
xai_grok_imagine,luma_mean,0.9562549506654713,0.7135419449248398,0.002038920134126826,0.12187781475392466,0.16254132018710876,2.4909124818906636,24,3,2
xai_grok_imagine,luma_sd,0.15673641406295366,0.6354673740604764,2.3231118446398467e-05,0.12323723740962483,0.24127215741145236,1.7432386810992913,24,3,2
xai_grok_imagine,luma_p01,0.033072467500948714,0.39065587702765087,0.030086415174855614,0.2398790462274331,0.33937866157006036,0.6411087959986416,24,3,2
xai_grok_imagine,luma_p05,0.03695331697224159,0.3389915650139206,0.025954593142016782,0.2615240761557163,0.3735297656883465,0.5128399988134184,24,3,2
xai_grok_imagine,luma_p50,2.031886709027341,0.6950094766320541,0.001424968973299655,0.14513445654774434,0.158431097846902,2.278790399639999,24,3,2
xai_grok_imagine,luma_p95,1.6763902540960631,0.5956130523497551,0.00023850699396114124,0.12055771071572144,0.2835907299405621,1.4728790229522999,24,3,2
xai_grok_imagine,luma_p99,0.8624377302348801,0.3482124442285872,0.007768457772854975,0.21557339646716644,0.4284457015313915,0.5342422406584089,24,3,2
xai_grok_imagine,dynamic_range_p95_p05,1.805627152119854,0.5932355405294347,0.0002759287660666833,0.12379092141970867,0.2826976092847898,1.458425205834295,24,3,2
xai_grok_imagine,luma_iqr_p75_p25,1.1606251550524371,0.6152122599453338,0.0006226940640548334,0.12463215085157055,0.2595328951390408,1.5988353991162285,24,3,2
xai_grok_imagine,rms_contrast,0.15673641425120172,0.6354673561374778,2.3231045039588136e-05,0.12323724463219111,0.24127216818529143,1.743238546222309,24,3,2
xai_grok_imagine,michelson_contrast_p95_p05,0.28094956680139094,0.3696342091937311,0.022077457781548654,0.25444305934090866,0.3538452736838126,0.5863805025348062,24,3,2
xai_grok_imagine,shadow_fraction,7.668691887374735e-05,0.19962674944077563,0.009036645257719387,0.27616260820321437,0.5151739970983,0.24941706797583899,24,3,2
xai_grok_imagine,deep_shadow_fraction,1.163046176866822,0.6053077073732477,0.0013930753840675498,0.15968995180378273,0.23360926543890187,1.5336192742574475,24,3,2
xai_grok_imagine,highlight_fraction,1.4218827699450128e-06,0.21751527885004354,0.00591205193870261,0.25813329904383076,0.5184393701674114,0.27798022500730957,24,3,2
xai_grok_imagine,clipped_shadow_fraction,0.02149983675167277,0.3827185307765004,0.0174369509680398,0.2622181827297031,0.3376263355257569,0.6200065121960256,24,3,2
xai_grok_imagine,clipped_highlight_fraction,0.0001907008334001148,0.246667433358924,0.021314878771302666,0.2155331988448363,0.516484489024937,0.32743497929308063,24,3,2
xai_grok_imagine,rgb_cov_r_g,0.027064632522298508,0.557112279777394,0.0003727870168779771,0.15743137033323978,0.2850835628724885,1.2579086173294118,24,3,2
xai_grok_imagine,rgb_corr_r_g,0.3237264027487686,0.5806383462272423,0.003718134843965205,0.24165840444222597,0.1739851144865668,1.3845766321349837,24,3,2
xai_grok_imagine,rgb_cov_r_b,0.03917054386148046,0.6850581928642016,4.905331049783028e-05,0.1101956325777642,0.20469712124753664,2.175189756782,24,3,2
xai_grok_imagine,rgb_corr_r_b,1.049166896484707,0.6538982962054395,0.002668120846253386,0.1898650918941985,0.15356849105410805,1.8893241178424893,24,3,2
xai_grok_imagine,rgb_cov_g_b,0.04932704489274027,0.7407019642752676,6.110958441325473e-05,0.08437387103998575,0.17486305510033343,2.8565660445711494,24,3,2
xai_grok_imagine,rgb_corr_g_b,0.13862755320800846,0.6935394301330022,0.0014485676428020817,0.15290247997397616,0.15210952225021854,2.263062521987729,24,3,2
xai_grok_imagine,lab_cov_l_a,276046.7756224902,0.6471616132773859,0.00010407605649319053,0.1606822440329384,0.1920520666331826,1.834158746979408,24,3,2
xai_grok_imagine,lab_corr_l_a,6.0615901870911415,0.5819920182701017,0.0023405348402844267,0.1651580332089719,0.25050941368064183,1.392298816547872,24,3,2
xai_grok_imagine,lab_cov_l_b,967156.4045850256,0.7645584438337366,0.0004206687771355589,0.09044443992089328,0.14457644746823448,3.2473385594420012,24,3,2
xai_grok_imagine,lab_corr_l_b,14.716800068321767,0.7634232319572932,0.0013117356707789038,0.08800764192039486,0.147257390451533,3.226957736693234,24,3,2
xai_grok_imagine,lab_cov_a_b,190045.31025595882,0.6136322544994015,2.7218751330809155e-05,0.16852917979641147,0.2178113469528563,1.588207767458298,24,3,2
xai_grok_imagine,lab_corr_a_b,7.041644414256236,0.5487048403434556,0.006847475669478918,0.15226881179351845,0.2921788721935471,1.2158447273421769,24,3,2
xai_grok_imagine,hue_hist_12bin_00,2.050497884010737,0.6695545018245601,0.000978006510993932,0.10494936300470722,0.2245181286597386,2.026217653203074,24,3,2
xai_grok_imagine,hue_hist_12bin_01,1.5464070070962763,0.43362369393870953,0.007852955749592045,0.2844720396526553,0.27405131065904303,0.7656105831019439,24,3,2
xai_grok_imagine,hue_hist_12bin_02,0.6793877092224849,0.3580452775385733,0.009453461657396784,0.23908120529362953,0.39342005551040055,0.5577422597122295,24,3,2
xai_grok_imagine,hue_hist_12bin_03,0.18414696691423968,0.46004380899115094,0.011823359371692318,0.20866840656747304,0.31946442506968376,0.852002100636367,24,3,2
xai_grok_imagine,hue_hist_12bin_04,0.2670672683054565,0.4195631014195472,0.008403858993565976,0.20483538209610247,0.36719765749078426,0.7228401613433829,24,3,2
xai_grok_imagine,hue_hist_12bin_05,0.32350593888794615,0.4001474362679452,0.009551021715635074,0.22004323627886047,0.3702583057375594,0.6670763125164952,24,3,2
xai_grok_imagine,hue_hist_12bin_06,2.9345303717127287,0.6056805456087752,0.003062293713593608,0.17198109805619344,0.21927606262143765,1.5360148703387284,24,3,2
xai_grok_imagine,hue_hist_12bin_07,0.37780497101078936,0.2059586904634186,0.002505197927392358,0.4028956195143228,0.3886404920948662,0.2593803218923462,24,3,2
xai_grok_imagine,hue_hist_12bin_08,0.20705639217197813,0.20890223762528573,0.008058604721523659,0.24551572093618404,0.5375234367170065,0.2640662729195489,24,3,2
xai_grok_imagine,hue_hist_12bin_09,0.06071131670108798,0.23036980030055082,0.027958959023427175,0.24444695539457684,0.49722428528144513,0.29932531284571906,24,3,2
xai_grok_imagine,hue_hist_12bin_10,0.11739039295076106,0.22733183282155467,0.02845308074590897,0.29153413211952267,0.4526809543130136,0.2942166410863062,24,3,2
xai_grok_imagine,hue_hist_12bin_11,0.4708838540401845,0.44030677070045304,0.032337204639733275,0.23162616336044864,0.295729861299365,0.7866930447800746,24,3,2
xai_grok_imagine,hue_entropy_12bin,15.299416301243333,0.4044626280179073,0.005646135505994251,0.2508219248582136,0.33906931161788467,0.6791557457960326,24,3,2
xai_grok_imagine,edge_density_canny,0.06825872572789472,0.6683261414592948,0.00751369878798407,0.11643995711843215,0.207720202634289,2.015009999279981,24,3,2
xai_grok_imagine,gradient_mag_mean,0.14834618938184657,0.55540901236811,0.006607162044902712,0.17170145840302806,0.2662823671839593,1.2492583696455277,24,3,2
xai_grok_imagine,gradient_mag_sd,0.28327199243702816,0.39921436357060686,0.003257139648108035,0.25892748704764584,0.3386010097336394,0.6644871970362495,24,3,2
xai_grok_imagine,gradient_mag_p95,3.1317122761737615,0.5253304032068268,0.005928549414648718,0.18737156309052747,0.2813694842879969,1.106728568157543,24,3,2
xai_grok_imagine,orientation_entropy,1.367979932595102,0.8381088313747027,0.00011539841243865816,0.042755834384392066,0.11901993582846787,5.176989198926149,24,3,2
xai_grok_imagine,texture_highpass_std,0.007649289964126782,0.4799080357332429,0.003187851869008777,0.21567774722741342,0.3012263651703351,0.9227368786784333,24,3,2
xai_grok_imagine,texture_highpass_mad,0.0004344012212421321,0.43183634295049483,0.009162386731115852,0.1937136396780243,0.3652876306403648,0.760056257721652,24,3,2
xai_grok_imagine,laplacian_variance,0.0010786149265112047,0.5483192742560662,0.002865671082751929,0.19798816870145733,0.25082688595972463,1.2139532262594672,24,3,2
xai_grok_imagine,local_contrast_mean,0.013830458095657718,0.5413853386636659,0.005471255780528898,0.19365149092585965,0.2594919146299455,1.1804797890371639,24,3,2
xai_grok_imagine,local_contrast_p95,0.08053832955110668,0.46639704481459887,0.00011060585878859714,0.2526682707448472,0.28082407858176534,0.8740525896310835,24,3,2
xai_grok_imagine,image_entropy_gray,11.24288612541923,0.5841226149791922,0.0022447435521618913,0.17274926347098543,0.24088337799765908,1.4045548904996803,24,3,2
xai_grok_imagine,top_luma_mean,2.6080286818038543,0.7378066770756537,0.0021783678400828753,0.07897854678452514,0.18103640829973824,2.8139796576304956,24,3,2
xai_grok_imagine,bottom_luma_mean,1.0482954477843855,0.6869443710986324,0.0033553610920238853,0.16956982402721146,0.14013044378213213,2.1943204583459632,24,3,2
xai_grok_imagine,top_bottom_luma_delta,2.781274255455785,0.6701957282002919,0.0002266030686378999,0.11307349171833349,0.21650417701273672,2.0321014174349608,24,3,2
xai_grok_imagine,left_warmth_mean,0.7156912319747357,0.6691090399658783,0.0007126363030689556,0.1823398361883912,0.14783848754266155,2.022143608567848,24,3,2
xai_grok_imagine,right_warmth_mean,0.5794122470364819,0.5272277183460884,0.009278450564629033,0.22550509883683736,0.2379887322524453,1.115183226270529,24,3,2
xai_grok_imagine,left_right_warmth_delta,0.3748025782205895,0.2005112014408586,0.016695779258729736,0.31539991525318267,0.46739310404722895,0.25079926298182653,24,3,2
xai_grok_imagine,center_luma_mean,0.7188757748801824,0.4926701461333469,0.007313487149609241,0.22612487008514678,0.273891496631897,0.971104188682026,24,3,2
xai_grok_imagine,edge_luma_mean,1.125033756783419,0.7369596714778579,0.0026549314989775625,0.10728481617547073,0.15310058084769385,2.801698414909873,24,3,2
xai_grok_imagine,center_edge_luma_delta,1.2549937123256134,0.7605479109063082,0.01041678412684991,0.07107282538604584,0.15796247958079607,3.1762007747976853,24,3,2
xai_grok_imagine,color_spatial_var_rgb_r,0.012124951777181288,0.47548483667823105,0.0028357510533094173,0.17410253137729176,0.3475768808911678,0.906522575376034,24,3,2
xai_grok_imagine,color_spatial_range_rgb_r,2.359659989197591,0.4549202645405111,0.0035354019071186524,0.1915195219722135,0.35002481158015675,0.8345939776260889,24,3,2
xai_grok_imagine,color_spatial_var_rgb_g,0.022112487061233498,0.7301417003954541,0.0010309224883400618,0.08824698788201364,0.18058038923419212,2.705648488356349,24,3,2
xai_grok_imagine,color_spatial_range_rgb_g,3.2750590302109854,0.6292073784281491,0.00208748361723118,0.11801482419826659,0.250690313756353,1.6969252941464583,24,3,2
xai_grok_imagine,color_spatial_var_rgb_b,0.03094172828896851,0.7874665204908908,0.0005499816548679368,0.07409750665336419,0.13788599120087694,3.7051410549985393,24,3,2
xai_grok_imagine,color_spatial_range_rgb_b,4.312824698631748,0.6828053599652237,0.001351514935491224,0.09798835709535614,0.21785476800392886,2.152638392282931,24,3,2
xai_grok_imagine,color_spatial_var_lab_l,1877204.3352994497,0.6671896765828076,0.0012444677872079067,0.10609408925363244,0.22547176637635175,2.0047144864147035,24,3,2
xai_grok_imagine,color_spatial_range_lab_l,27790.16844659613,0.5782951788935657,0.0015151616444540313,0.1415818563461902,0.27860780311578986,1.37132693284436,24,3,2
xai_grok_imagine,color_spatial_var_lab_a,78298.79206836942,0.567063239135445,0.012234908188240388,0.2417970671535929,0.17890478552272174,1.3098061666166798,24,3,2
xai_grok_imagine,color_spatial_range_lab_a,8819.850621476977,0.6645225745788919,0.007453026044377469,0.15994252649778024,0.16808187287895068,1.980826500456027,24,3,2
xai_grok_imagine,color_spatial_var_lab_b,139246.12733608013,0.6053805962275707,0.011222912389475969,0.16658890902248324,0.2168075823604699,1.5340872507543604,24,3,2
xai_grok_imagine,color_spatial_range_lab_b,8000.714374335637,0.5848042351336533,0.020399184581465057,0.17012532928691435,0.22467125099796736,1.4085024092716945,24,3,2
xai_grok_imagine,halation_bright_threshold_luma,1.0191712145845218,0.41279814803768805,0.005423292904741506,0.17247272328856317,0.4093058357690072,0.7029919041607221,24,3,2
xai_grok_imagine,halation_bright_fraction,6.831410518594162e-05,0.1822731024763461,0.012931749060351098,0.395963471080295,0.40883167738300763,0.2229021731195697,24,3,2
xai_grok_imagine,halation_ring_fraction,0.03806426838303878,0.25861102122211993,0.01573035670839106,0.28338865812475156,0.44226996394473744,0.3488196191537934,24,3,2
xai_grok_imagine,red_highlight_excess_mean,0.39711528774399707,0.3170001585998463,0.006862612557749446,0.1999133073786807,0.47622392146372344,0.46412918332454395,24,3,2
xai_grok_imagine,warm_highlight_excess_mean,0.7754122777711593,0.49534699873699095,0.003496880944395676,0.1485220052785843,0.35263411504002895,0.9815596013444335,24,3,2
xai_grok_imagine,halation_ring_red_excess_mean,0.7257976651544353,0.5323410515577433,0.0021635290305349383,0.1544372340302456,0.3110581853814762,1.1383104147390712,24,3,2
xai_grok_imagine,halation_ring_red_excess_p95,2.828549094371158,0.7258740691679377,0.011570219438833825,0.09466357164849439,0.16789213974473408,2.6479584290500044,24,3,2
xai_grok_imagine,halation_background_red_excess_mean,0.2911302212303118,0.7225923476010663,0.0010394642895230996,0.1314709565733881,0.14489723153602246,2.6048032249734865,24,3,2
xai_grok_imagine,halation_index_ring_minus_background,0.5848922087841958,0.5498933213985986,0.001371652640525071,0.15183594266010922,0.2968990833007672,1.221695539171425,24,3,2
xai_grok_imagine,local_lab_cov_l_a_mean,39322.394551042715,0.3461240444583284,0.002385313313501586,0.2416918024177311,0.409798839810439,0.529342058726718,24,3,2
xai_grok_imagine,local_lab_cov_l_a_sd,40069.05064893383,0.5654259763962269,0.004192649113170072,0.15071076376887316,0.27967061072173,1.3011039447487986,24,3,2
xai_grok_imagine,local_lab_cov_l_a_abs_mean,14939.599114186884,0.35869690921629427,0.0022634594872094843,0.2610396531565591,0.3779999781399371,0.5593250903842488,24,3,2
xai_grok_imagine,local_lab_cov_l_a_p90_abs,130404.17373927555,0.4307144303054106,0.0025828151408997485,0.2221210736407635,0.34458168091292607,0.7565876481578139,24,3,2
xai_grok_imagine,local_lab_corr_l_a_mean,5.820841797880265,0.4435315056309221,0.012853255938356524,0.23569449196479939,0.3079207464659222,0.7970469309925559,24,3,2
xai_grok_imagine,local_lab_corr_l_a_sd,0.37623216760213307,0.21452454159977655,0.0022955328286217162,0.24194786008753666,0.5412320654840647,0.273114251127207,24,3,2
xai_grok_imagine,local_lab_corr_l_a_abs_mean,0.5478264986314061,0.29133872732477006,0.001027917385783772,0.3825710511185286,0.3250623041709173,0.41111139913848066,24,3,2
xai_grok_imagine,local_lab_corr_l_a_p90_abs,0.8770651385356433,0.19780263334974582,0.004472503011178145,0.4042702349077231,0.3934546287313525,0.24657601928527006,24,3,2
xai_grok_imagine,local_lab_cov_l_b_mean,165953.08232407412,0.691577313701087,0.0011545905995331788,0.0969049841689286,0.21036311153045117,2.2423036450400193,24,3,2
xai_grok_imagine,local_lab_cov_l_b_sd,49978.30612575877,0.42104975504538167,0.02096375125514057,0.23052908105137054,0.3274574126481075,0.7272641452606794,24,3,2
xai_grok_imagine,local_lab_cov_l_b_abs_mean,42247.39292158847,0.5171103500266694,0.0102810927894217,0.20047866093407019,0.27212989624983885,1.070866501394736,24,3,2
xai_grok_imagine,local_lab_cov_l_b_p90_abs,198931.9238742345,0.5368951801954833,0.0058732572985486665,0.2094294591396187,0.24780210336634942,1.1593383554550662,24,3,2
xai_grok_imagine,local_lab_corr_l_b_mean,12.288229188597992,0.747914818519582,0.001381311315827005,0.09202977836145779,0.15867409180313316,2.9669130653666773,24,3,2
xai_grok_imagine,local_lab_corr_l_b_sd,1.0548332647648726,0.5729583336007714,0.005004148159016821,0.1724479898734865,0.24958952836672485,1.3416918738442964,24,3,2
xai_grok_imagine,local_lab_corr_l_b_abs_mean,1.0292647006310958,0.5295587817404235,0.008240893742594473,0.18835408932094505,0.2738462351960371,1.1256640812630225,24,3,2
xai_grok_imagine,local_lab_corr_l_b_p90_abs,0.813745346994365,0.48267381366707973,0.010764126304090217,0.2714956558429548,0.23506640418587463,0.9330163954941577,24,3,2
xai_grok_imagine,local_lab_cov_a_b_mean,37396.62410684052,0.5890173582524729,0.00032582675864015713,0.15331197494241086,0.257344840046476,1.433192788259693,24,3,2
xai_grok_imagine,local_lab_cov_a_b_sd,45282.706454823914,0.5111297496293697,0.014083115071420724,0.22831243458197653,0.24647470071723304,1.0455325298315121,24,3,2
xai_grok_imagine,local_lab_cov_a_b_abs_mean,32043.095014566345,0.6174956898987455,0.004413689694042187,0.18565012890878596,0.1924404914984267,1.6143496258520191,24,3,2
xai_grok_imagine,local_lab_cov_a_b_p90_abs,226269.18639378378,0.5785179798411739,0.007713090216278232,0.1808561012204484,0.23291282872209956,1.3725804474961285,24,3,2
xai_grok_imagine,local_lab_corr_a_b_mean,5.545080182282758,0.4858995196301815,0.0006160495487963964,0.22840183307678447,0.2850825977442375,0.9451450410640533,24,3,2
xai_grok_imagine,local_lab_corr_a_b_sd,1.132233823262902,0.3606487645979389,0.008200356430841976,0.27711490863641747,0.35403597033480166,0.5640855051623417,24,3,2
xai_grok_imagine,local_lab_corr_a_b_abs_mean,0.9202902832223365,0.4182915218316284,0.006997250503955229,0.2508150322232201,0.3238961954411961,0.7190741368403382,24,3,2
xai_grok_imagine,local_lab_corr_a_b_p90_abs,0.4804560624883253,0.37932110532324226,0.0009117556425975942,0.31506973242072994,0.3046974066134303,0.6111390423880743,24,3,2
xai_grok_imagine,hue_circular_mean_turns,9.935971120254754,0.29438947896399276,0.022463519069494845,0.30056020382702725,0.38258679813948526,0.41721242836878003,24,3,2
xai_grok_imagine,hue_resultant_length,6.259731608530638,0.35842385572848323,0.0006318091572541428,0.316889539228777,0.3240547958854856,0.558661444832022,24,3,2
xai_grok_imagine,hue_circular_variance,6.259731608530638,0.35842385572848323,0.0006318091572541626,0.31688953922877705,0.3240547958854856,0.5586614448320218,24,3,2
xai_grok_imagine,hue_warm_share,8.583726664028763,0.794539046565398,0.0009448268517966966,0.10401986866517432,0.10049625791763107,3.8671048356557858,24,3,2
xai_grok_imagine,hue_red_orange_share,7.273420546339812,0.7917673130409825,0.000598426700982938,0.08771313121995856,0.11992112903807603,3.8023200132686705,24,3,2
xai_grok_imagine,hue_yellow_share,1.1844728237403452,0.37562430619259246,0.006090207229912913,0.23579157331654277,0.3824939132609517,0.6015998218989866,24,3,2
xai_grok_imagine,hue_green_share,1.2092735071850118,0.6214295509357245,0.00447345513662423,0.148658691903107,0.22543830202454448,1.6415162685617197,24,3,2
xai_grok_imagine,hue_teal_cyan_share,4.542896715030297,0.6847681090711666,0.0008322761020972157,0.1226505588693963,0.19174905595734018,2.1722678725603903,24,3,2
xai_grok_imagine,hue_blue_share,1.4721936971251282,0.28428394615397073,0.0069555045713688,0.34745881879275053,0.3613017304819101,0.3972021371133422,24,3,2
xai_grok_imagine,hue_magenta_share,0.26572221777951804,0.22698728964052878,0.01759250684881898,0.27693341919585673,0.47848678431479547,0.29363978961610315,24,3,2
xai_grok_imagine,hue_red_orange_highlight_share,13.887788417257815,0.44390429569236,0.011298327372711015,0.1719761190959731,0.37282125783895587,0.7982516179387459,24,3,2
xai_grok_imagine,hue_teal_cyan_shadow_share,0.22493475190565987,0.6924139782904425,0.0007217621660139976,0.14196810876312385,0.1648961507804197,2.251123033621678,24,3,2
xai_grok_imagine,shadow_lab_l,1373.8115045180002,0.5398039270217133,0.009192353541265028,0.18714011953718512,0.2638635998998363,1.1729868173976854,24,3,2
xai_grok_imagine,shadow_lab_a,1931.629846752382,0.7371267068124597,0.004395799415196368,0.10848819468093984,0.14998929909140396,2.8041140957083672,24,3,2
xai_grok_imagine,shadow_lab_b,1112.2376129454472,0.5437187531242826,0.0011926902480342842,0.2010995449646455,0.25398901166303756,1.1916307252320226,24,3,2
xai_grok_imagine,shadow_warmth_rgb_r_minus_b,0.1618407291150648,0.6374131423780589,0.004556912472626352,0.17679476282278242,0.18123518232653243,1.75795986252395,24,3,2
xai_grok_imagine,shadow_saturation,2.7307594624505453,0.6043421586571831,0.011841176591110327,0.13169466892790938,0.25212199582379735,1.5274363237844992,24,3,2
xai_grok_imagine,shadow_red_excess,0.13914172842620892,0.6636844190918446,0.006191245837014781,0.16305007926509052,0.16707425580605015,1.97339777508878,24,3,2
xai_grok_imagine,midtone_lab_l,22119.103840781063,0.698459154136423,0.0011910820541452785,0.14106856844381513,0.15928119536561675,2.3163003079603333,24,3,2
xai_grok_imagine,midtone_lab_a,5184.872598714783,0.7004344513209806,0.00636079182538196,0.09951959488627221,0.1936851619673655,2.3381675710363026,24,3,2
xai_grok_imagine,midtone_lab_b,5035.879675264243,0.5998767966040379,0.005864862275605185,0.18966604354595243,0.20459229757440453,1.4992302158752824,24,3,2
xai_grok_imagine,midtone_warmth_rgb_r_minus_b,0.813008226003694,0.7026555332982338,0.005064790245402313,0.12870632432232118,0.1635733521340427,2.363102771315368,24,3,2
xai_grok_imagine,midtone_saturation,2.122886695782015,0.7036660422566008,0.009605114114036944,0.13477770316531715,0.15195114046404506,2.3745710670996325,24,3,2
xai_grok_imagine,midtone_red_excess,0.53866622229152,0.7106021453238529,0.003930957778032891,0.10892982104944346,0.17653707584867087,2.455450632552399,24,3,2
xai_grok_imagine,midtone_fraction,4.729620741272811e-06,0.14159692513578373,0.013898701407922145,0.3332858278145525,0.5112185456417384,0.16495388854260837,24,3,2
xai_grok_imagine,highlight_lab_l,14623.109888731267,0.6801913167853622,0.0006170223990858527,0.11907840205882245,0.20011325875672947,2.126869445658096,24,3,2
xai_grok_imagine,highlight_lab_a,2684.4620655588737,0.6328312535310217,0.00498885817564284,0.14716315200387556,0.21501673628945997,1.7235433560641815,24,3,2
xai_grok_imagine,highlight_lab_b,11665.288275933874,0.7420536045701652,0.0013532347087031112,0.1251425010590737,0.13145065966205793,2.8767744683294665,24,3,2
xai_grok_imagine,highlight_warmth_rgb_r_minus_b,1.5061758630695383,0.7418070062913531,0.0004471600907795898,0.1294442551038859,0.12830157851398144,2.8730717888047397,24,3,2
xai_grok_imagine,highlight_saturation,1.6759743252701949,0.729118105681306,0.0021597785066536637,0.12712694713291847,0.14159516867912184,2.691645772468996,24,3,2
xai_grok_imagine,highlight_red_excess,0.6444403966666474,0.6462242660328356,4.266196268455361e-06,0.1724748277624517,0.18129664000844417,1.8266494956740442,24,3,2
xai_grok_imagine,highlight_minus_shadow_lab_a,4205.27598496696,0.6825202672612447,0.00017667115639646378,0.15998268332075474,0.1573203782616041,2.1498073636809765,24,3,2
xai_grok_imagine,highlight_minus_shadow_lab_b,14755.714180862253,0.7808301853793297,0.0017156363265958489,0.09237539382591022,0.1250787844681643,3.5626721076109718,24,3,2
xai_grok_imagine,highlight_minus_shadow_warmth,1.8730869934465109,0.7745608042870142,0.0013540345487506311,0.11091628692526738,0.11316887423896761,3.4357858749333645,24,3,2
xai_grok_imagine,highlight_minus_shadow_saturation,4.109182748073076,0.6738667195341166,0.007296715422515257,0.1322630696793716,0.18657349536399653,2.0662310775873407,24,3,2
xai_grok_imagine,split_tone_distance_lab_ab,6412.778411739679,0.6584946052697576,0.002334809549835679,0.17092851441076293,0.1682420707696439,1.928211429251087,24,3,2
xai_grok_imagine,midtone_shadow_lab_b_delta,5339.499557350577,0.6392934865648662,0.008004052765807373,0.16067132644107968,0.19203113422824677,1.7723369630247359,24,3,2
xai_grok_imagine,highlight_midtone_lab_b_delta,7363.920127436093,0.6683338670678063,0.00034557998979656447,0.15338182872767903,0.17793872421471815,2.015080228901277,24,3,2
xai_grok_imagine,luma_skewness,44.447123074864535,0.6661404590536518,0.0009291735231698021,0.12972260360044924,0.2032077638227291,1.9952715958496505,24,3,2
xai_grok_imagine,luma_kurtosis_excess,244.73823384067754,0.5794558873656779,0.001294508583730508,0.1700169269191914,0.24923267713140015,1.3778718330781514,24,3,2
xai_grok_imagine,shadow_compression_ratio,0.6213453923408889,0.6473187548446667,0.0006334813880940521,0.1723898834389234,0.1796578803283158,1.8354215420770807,24,3,2
xai_grok_imagine,highlight_compression_ratio,2.227661002994445,0.5806325096241821,0.0015101678271817016,0.1036820206696417,0.31417530187899456,1.3845434444712101,24,3,2
xai_grok_imagine,highlight_rolloff_ratio,6.200334307418524,0.4290252283747393,0.007619012760147569,0.23399515157113063,0.3293606072939824,0.7513908664537546,24,3,2
xai_grok_imagine,shadow_rolloff_ratio,0.05592927110238129,0.43170754882781065,0.0004696415319775681,0.2248227564660819,0.34300005317412985,0.7596573699639129,24,3,2
xai_grok_imagine,upper_lower_luma_spread_ratio,256.4178867473016,0.5750634047608655,0.00031168612758518616,0.16854411661495144,0.25608079249659793,1.353292258665664,24,3,2
xai_grok_imagine,midtone_luma_width_p75_p25,1.1606251834336774,0.6152122697220631,0.0006226933330811051,0.12463215101912646,0.2595328859257292,1.5988354651477268,24,3,2
xai_grok_imagine,extreme_tail_luma_width,0.9720713543655998,0.3423259858402051,0.013138427027192976,0.23133712804143167,0.4131984590911702,0.5205101288326565,24,3,2
xai_grok_imagine,lower_tail_luma_width_p10_p01,0.0352630071019092,0.48451181722796005,5.890055461043361e-05,0.23177202869031158,0.2836572535271179,0.9399086796180189,24,3,2
xai_grok_imagine,upper_tail_luma_width_p99_p90,1.326955402584292,0.5233222003237837,0.011849879510715533,0.19743806937989108,0.2673898507856098,1.0978531005204155,24,3,2
xai_grok_imagine,fft_low_freq_power_share,0.47570145293284183,0.24055310447485334,0.0028544140945120696,0.3208032682684403,0.4357892131621938,0.3167477619465604,24,3,2
xai_grok_imagine,fft_mid_freq_power_share,0.2506199951275826,0.6804258047084502,0.013957853473484548,0.12500760756075455,0.1806087342573104,2.129163789609776,24,3,2
xai_grok_imagine,fft_high_freq_power_share,0.06643915371332618,0.7310323596663123,0.004196074353833776,0.09851266230336009,0.16625890367649365,2.7179193703724973,24,3,2
xai_grok_imagine,fft_high_mid_power_ratio,0.7183932688974661,0.5805428052940372,0.00088456415026938,0.16294098398543627,0.25563164657025705,1.384033490475696,24,3,2
xai_grok_imagine,fft_high_low_power_ratio,0.2392595130824145,0.7049279365777694,0.0021457157816599046,0.10417045321125519,0.18875589442931542,2.38900263346537,24,3,2
xai_grok_imagine,fft_radial_loglog_slope,7.680452097367321,0.7458477708095482,0.0016583567440465305,0.07989699768560736,0.17259687476079827,2.9346497301451477,24,3,2
xai_grok_imagine,fft_low_freq_log_power_mean,25.54437183831756,0.7396022009510308,0.005052912324335163,0.10678740310148532,0.14855748362314777,2.840278234502079,24,3,2
xai_grok_imagine,fft_mid_freq_log_power_mean,11.338207660776742,0.5806403494310963,0.007301444190147396,0.19225678072029737,0.21980142565845878,1.3845880228185978,24,3,2
xai_grok_imagine,fft_high_freq_log_power_mean,16.764690290038423,0.46531875470269585,0.0028078306062148117,0.22328123066902775,0.3085921840220612,0.8702731932255459,24,3,2
xai_grok_imagine,palette_entropy_6,2.5197293591075964,0.49501538689623803,0.0002911455456407278,0.23284676109799676,0.2718467064601238,0.9802583564947653,24,3,2
xai_grok_imagine,palette_effective_clusters_6,29.216801526551475,0.49769436756542745,0.00024940343071345127,0.23537954464941113,0.2666766843544483,0.9908198025835474,24,3,2
xai_grok_imagine,palette_top1_share,0.7624078289502197,0.464644523820127,0.0017804148738214747,0.2531332793575352,0.28044178194851627,0.8679177565076631,24,3,2
xai_grok_imagine,palette_top2_share_gap,1.0987267589403524,0.3329450530855669,0.00578339653856737,0.2952811184844522,0.3659904318914135,0.49912687796658467,24,3,2
xai_grok_imagine,palette_top2_lab_distance,38527.7666870209,0.32292127294759043,0.010187240571733138,0.2787551745437825,0.38813631193689396,0.47693312468018884,24,3,2
xai_grok_imagine,palette_mean_pairwise_lab_distance,2478.6612847730303,0.4686870601305238,0.01695901539753971,0.22704221944768735,0.287311705024249,0.882129955738821,24,3,2
xai_grok_imagine,palette_weighted_pairwise_lab_distance,524.7166973665428,0.533606123145739,0.0030537111904961863,0.20671055978589006,0.25662960587787537,1.1441104817773577,24,3,2
xai_grok_imagine,palette_within_cluster_lab_rmse,313.29097755184523,0.6390504408410758,0.00442833670533722,0.1526268397814202,0.203894382672167,1.7704702073336092,24,3,2
xai_grok_imagine,palette_dominant_lab_l,92758.16655671265,0.5553806841769274,0.0031334850116935733,0.18045603995199921,0.26102979085937994,1.2491150618339981,24,3,2
xai_grok_imagine,palette_dominant_lab_a,1830.4523784666426,0.4344657794587409,0.002098285007173928,0.25922785656460146,0.3042080789694838,0.7682395930752416,24,3,2
xai_grok_imagine,palette_dominant_lab_b,4689.959706046355,0.2520076725926206,0.024866441719794984,0.29817214200085773,0.4249537436867268,0.33691210906682134,24,3,2
xai_grok_imagine,palette_dominant_lab_chroma,3596.6920276089118,0.34824101109293715,0.058570026799508054,0.24046624954010626,0.35272271256744864,0.5343094871263743,24,3,2
